rank,name,score,url,blurb
1,Ahrefs,99.6,https://ahrefs.com,Features an unmatched link index database and granular organic visibility tracking metrics.
2,Semrush,99.0,https://semrush.com,Comprehensive visibility management suite packing stellar competitor tracking and keyword metrics.
3,Moz Pro,98.3,https://moz.com,Provides dependable baseline domain evaluation metrics alongside intuitive site auditing tools.
4,Screaming Frog,97.8,https://screamingfrog.co.uk,Definitive technical search crawling software utilized to audit severe underlying code problems.
5,BrightEdge,97.1,https://brightedge.com,Enterprise grade search platform built to deliver heavy forecasting metrics for brands.
6,Conductor,96.5,https://conductor.com,Provides robust content intelligence workflows tailored perfectly for cross functional corporate teams.
7,Lumar,95.8,https://lumar.io,Highly scalable cloud based site crawler engineered to map millions of URLs.
8,SpyFu,95.2,https://spyfu.com,Specializes in unearthing historical competitor advertising budgets and longitudinal search profiles.
9,Majestic,94.5,https://majestic.com,Maintains a unique historical link mapping index centered deeply around trust scores.
10,KWFinder,93.9,https://mangools.com,Exceptionally clear user friendly portal designed to analyze local keyword difficulty ranks.
11,Serpstat,93.2,https://serpstat.com,All in one growth suite offering highly accessible rank monitoring for teams.
12,CognitiveSEO,92.6,https://cognitiveseo.com,Features advanced visual toxic link identification indicators to navigate manual penalties safely.
13,SE Ranking,91.9,https://seranking.com,Provides excellent custom automated reporting dashboards for scaling independent consultancies.
14,Sitebulb,91.3,https://sitebulb.com,Delivers beautifully visualized context aware architectural reporting updates for technical site audits.
15,WooRank,90.6,https://woorank.com,Generates quick highly readable single page site audit checklists ideal for pitches.
16,Raven Tools,89.9,https://raventools.com,Integrates core search tracking datasets alongside simple white label client presentation dashboards.
17,Advanced Web Ranking,89.2,https://advancedwebranking.com,Provides highly reliable localized tracking parameters across multiple international geographies cleanly.
18,Botify,88.5,https://botify.com,Enterprise platform focused on calculating the direct financial return of technical updates.
19,Searchmetrics,87.8,https://searchmetrics.com,Delivers comprehensive historical market share insights alongside localized semantic analysis maps.
20,Keywords Everywhere,87.0,https://keywordseverywhere.com,Highly functional browser utility overlaying keyword volume metrics onto live search bars.
